rmiprod06,"""RMI(Vic)"": ""Production"""
rmi-uat-legacy,"""RMI(Vic)"": ""Preprod"""
subscriptions/3c3b8913-a968-4f0c-8d13-d386611bda0b/resourcegroups/TMX-Chughtai/providers/Microsoft.NotificationHubs/namespaces/tmx-labs-prod,"""Chughtai"": ""Production"""
/subscriptions/565AF59D-9511-40CD-811D-CE91CE902EB5/resourceGroups/HMIS-TLX/providers/Microsoft.Sql/servers/hmis/databases/vic-qa-preprod,"""RMI(Vic)"": ""Preprod"""
/subscriptions/3c3b8913-a968-4f0c-8d13-d386611bda0b/resourceGroups/TMX-NE-VNET/providers/Microsoft.Network/connections/TMX-KSH,"""Kashf"": ""Production"""
/subscriptions/3c3b8913-a968-4f0c-8d13-d386611bda0b/resourceGroups/TMX-NE-VNET/providers/Microsoft.Network/connections/TMX-Kashf-Cisco,"""Kashf"": ""Production"""
subscriptions/3c3b8913-a968-4f0c-8d13-d386611bda0b/resourcegroups/TMX-Chughtai/providers/Microsoft.NotificationHubs/namespaces/tmx-labs-dev,"""Chughtai"": ""Preprod"""
subscriptions/3c3b8913-a968-4f0c-8d13-d386611bda0b/resourcegroups/TMX-Chughtai/providers/Microsoft.NotificationHubs/namespaces/tmx-labs-dev-pat,"""Chughtai"": ""Preprod"""
/subscriptions/3c3b8913-a968-4f0c-8d13-d386611bda0b/resourceGroups/TMX-NE-VNET/providers/Microsoft.Network/virtualNetworkGateways/TMX-NE-VNET-GW/VPNClientConnection,"""Kashf"": ""Production"""
hybrid-test-103,"""RMI(Vic)"": ""Preprod"""
/subscriptions/3c3b8913-a968-4f0c-8d13-d386611bda0b/resourceGroups/TMX-PROD/providers/Microsoft.Network/connections/BIGBIRD,"""SD"": ""Production"""
/subscriptions/3c3b8913-a968-4f0c-8d13-d386611bda0b/resourceGroups/TMX-NE-VNET/providers/Microsoft.Network/connections/Techx-lhr,"""Kashf"": ""Production"""
/subscriptions/3c3b8913-a968-4f0c-8d13-d386611bda0b/resourceGroups/TMX-PROD/providers/Microsoft.Web/sites/tlx-sd-prod-process-queue,"""SD"": ""Production"""
hybrid-test-1-58,"""RMI(Vic)"": ""Preprod"""
/subscriptions/3c3b8913-a968-4f0c-8d13-d386611bda0b/resourceGroups/TMX-PROD/providers/Microsoft.Network/virtualNetworkGateways/TLX-MOBILITY-GW,"""SD"": ""Production"""
/subscriptions/3c3b8913-a968-4f0c-8d13-d386611bda0b/resourceGroups/TMX-PREPROD/providers/Microsoft.Web/sites/tmxsd-queue-processing,"""SD"": ""Preprod"""
/subscriptions/3c3b8913-a968-4f0c-8d13-d386611bda0b/resourceGroups/TMX-PROD/providers/Microsoft.Network/connections/QARSHI-PREPROD,"""SD"": ""Preprod"""
/subscriptions/3c3b8913-a968-4f0c-8d13-d386611bda0b/resourceGroups/TMX-PROD/providers/Microsoft.Network/virtualNetworkGateways/TLX-MOBILITY-GW/VPNClientConnection,"""SD"": ""Production"""
tmx-eh-test,"""SD"": ""Preprod"""
subscriptions/3c3b8913-a968-4f0c-8d13-d386611bda0b/resourcegroups/TMX-Chughtai/providers/Microsoft.NotificationHubs/namespaces/tmx-labs-qa-patient,"""Chughtai"": ""Preprod"""
an-uat,"""AN"": ""Preprod"""
subscriptions/3c3b8913-a968-4f0c-8d13-d386611bda0b/resourcegroups/TMX-Chughtai/providers/Microsoft.NotificationHubs/namespaces/tmx-labs-qa,"""Chughtai"": ""Preprod"""
/subscriptions/3c3b8913-a968-4f0c-8d13-d386611bda0b/resourceGroups/TMX-NE-VNET/providers/Microsoft.Network/virtualNetworkGateways/TMX-NE-VNET-GW,"""SD"": ""Production"""
vic-rmi-prod-hybd-conn,"""RMI(Vic)"": ""Production"""
/subscriptions/565af59d-9511-40cd-811d-ce91ce902eb5/resourceGroups/vicenna-prod/providers/Microsoft.Network/trafficManagerProfiles/vicenna,"""RMI(Vic)"": ""Production"""
an-queues,"""AN"": ""Preprod"""
an-staging,"""AN"": ""Preprod"""
rmi-uat,"""RMI(Vic)"": ""Preprod"""
rmi-uat-sqlserver,"""RMI(Vic)"": ""Preprod"""
vicrmiprod-publicip-conn,"""RMI(Vic)"": ""Production"""
rmi-uat-service,"""RMI(Vic)"": ""Preprod"""
subscriptions/3c3b8913-a968-4f0c-8d13-d386611bda0b/resourcegroups/TMX-Chughtai/providers/Microsoft.NotificationHubs/namespaces/tmx-labs-prod-patient,"""Chughtai"": ""Production"""
an-prod,"""AN"": ""Production"""
/subscriptions/0f10757d-58fa-40fa-b630-37010eedb85e/resourceGroups/tlx/providers/Microsoft.Web/sites/cloudops-pharmacy,"""AN"": ""Shared All"""
an-prod2,"""AN"": ""Production"""
/subscriptions/565af59d-9511-40cd-811d-ce91ce902eb5/resourceGroups/HMIS-TLX/providers/Microsoft.Storage/storageAccounts/filesharetechlogix,"""RMI(Vic)"": ""Preprod"""
/subscriptions/3c3b8913-a968-4f0c-8d13-d386611bda0b/resourceGroups/TMX-PREPROD/providers/Microsoft.Storage/storageAccounts/tmxpentest,"""TMX"": ""Preprod"""
/subscriptions/3C3B8913-A968-4F0C-8D13-D386611BDA0B/resourceGroups/TMX-NOKIA-PROD/providers/Microsoft.Sql/servers/nokia-db/databases/nokia-uae-prod_2019-03-21-06pm,"""Nokia-UAE"": ""Production"""
/subscriptions/3C3B8913-A968-4F0C-8D13-D386611BDA0B/resourceGroups/TMX-PREPROD/providers/Microsoft.Sql/servers/tmx-finance-we/databases/fin-vitaseg-dev-db,"""TMX-FIN"": ""Preprod"""
/subscriptions/3C3B8913-A968-4F0C-8D13-D386611BDA0B/resourceGroups/TMX-PROD/providers/Microsoft.Sql/servers/tlx-sd-prod/databases/sd-prod-db-201902151820,"""SD"": ""Production"""
/subscriptions/3c3b8913-a968-4f0c-8d13-d386611bda0b/resourceGroups/tmx-preprod/providers/Microsoft.Web/sites/fin-vitaseg-dev,"""TMX-FIN"": ""Preprod"""
/subscriptions/cac601c4-4a4f-4aa3-939e-2923e23b1cd6/resourceGroups/AN-PREPROD/providers/Microsoft.Storage/storageAccounts/anstagingappinsights,"""AN"": ""Preprod"""
/subscriptions/cac601c4-4a4f-4aa3-939e-2923e23b1cd6/resourceGroups/an-prod/providers/Microsoft.Network/dnszones/techlogix.com,"""AN"": ""Preprod"""
/subscriptions/3C3B8913-A968-4F0C-8D13-D386611BDA0B/resourceGroups/TMX-PREPROD/providers/Microsoft.Sql/servers/tmx-finance-we/databases/fin-vitasjor-uat-prov-db,"""TMX-FIN"": ""Preprod"""
/subscriptions/3c3b8913-a968-4f0c-8d13-d386611bda0b/resourceGroups/tmx-preprod/providers/Microsoft.Web/sites/nestlemilkmanagement,"""TMX"": ""Preprod"""
/subscriptions/3C3B8913-A968-4F0C-8D13-D386611BDA0B/resourceGroups/TMX-PREPROD/providers/Microsoft.Sql/servers/tmx-finance-we/databases/fin-vitasjor-uat-db,"""TMX-FIN"": ""Preprod"""
/subscriptions/3C3B8913-A968-4F0C-8D13-D386611BDA0B/resourceGroups/TMX-PREPROD/providers/Microsoft.Sql/servers/tmx-finance-we/databases/fin-vitaseg-dev-prov-db,"""TMX-FIN"": ""Preprod"""
/subscriptions/cac601c4-4a4f-4aa3-939e-2923e23b1cd6/resourceGroups/an-preprod/providers/Microsoft.Web/sites/an-staging-academics-func,"""AN"": ""Preprod"""
/subscriptions/CAC601C4-4A4F-4AA3-939E-2923E23B1CD6/resourceGroups/AN-BI/providers/Microsoft.Sql/servers/an-bi-prod/databases/an-rpt-prod-db_test,"""AN"": ""Production"""
/subscriptions/cac601c4-4a4f-4aa3-939e-2923e23b1cd6/resourceGroups/an-preprod/providers/Microsoft.Web/sites/uat-test-oaa,"""AN"": ""Preprod"""
/subscriptions/CAC601C4-4A4F-4AA3-939E-2923E23B1CD6/resourceGroups/AN-PROD/providers/Microsoft.Sql/servers/an-prod/databases/rmi-prod-db,"""RMI(Vic)"": ""Production"""
/subscriptions/cac601c4-4a4f-4aa3-939e-2923e23b1cd6/resourceGroups/an-prod/providers/Microsoft.Web/sites/an-prod2-academics-func,"""AN"": ""Production"""
/subscriptions/CAC601C4-4A4F-4AA3-939E-2923E23B1CD6/resourceGroups/AN-BI/providers/Microsoft.Sql/servers/an-bi-prod/databases/an-rpt-test-db-for-prod,"""AN"": ""Preprod"""
/subscriptions/CAC601C4-4A4F-4AA3-939E-2923E23B1CD6/resourceGroups/AN-BI/providers/Microsoft.Sql/servers/an-bi-prod/databases/an-rpt-test-db_copy_for_prod,"""AN"": ""Preprod"""
/subscriptions/CAC601C4-4A4F-4AA3-939E-2923E23B1CD6/resourceGroups/AN-PREPROD/providers/Microsoft.Sql/servers/an-stg/databases/rmi-stg-db-21032019,"""AN"": ""Preprod"""
/subscriptions/cac601c4-4a4f-4aa3-939e-2923e23b1cd6/resourceGroups/AN-PROD/providers/Microsoft.SignalRService/SignalR/an-prod-signalr,"""AN"": ""Production"""
/subscriptions/CAC601C4-4A4F-4AA3-939E-2923E23B1CD6/resourceGroups/AN-PROD/providers/Microsoft.Sql/servers/an-prod/databases/lacas-prod-db,"""LACAS"": ""Production"""
/subscriptions/cac601c4-4a4f-4aa3-939e-2923e23b1cd6/resourceGroups/AN-PROD/providers/Microsoft.Web/sites/an-prod-academics-func,"""AN"": ""Production"""
/subscriptions/CAC601C4-4A4F-4AA3-939E-2923E23B1CD6/resourceGroups/AN-PREPROD/providers/Microsoft.Sql/servers/an-stg/databases/avicenna-stg,"""Avicenna"": ""Preprod"""
/subscriptions/CAC601C4-4A4F-4AA3-939E-2923E23B1CD6/resourceGroups/AN-PROD/providers/Microsoft.Sql/servers/an-prod/databases/rmi-demo-db,"""AN"": ""Preprod"""
/subscriptions/3c3b8913-a968-4f0c-8d13-d386611bda0b/resourceGroups/TMX-PROD/providers/Microsoft.Web/serverfarms/TMX-VITAS,"""TMX-FIN"": ""Production"""
/subscriptions/cac601c4-4a4f-4aa3-939e-2923e23b1cd6/resourceGroups/AN-PROD/providers/Microsoft.Web/serverfarms/PROD2,"""AN"": ""Production"""
/subscriptions/3C3B8913-A968-4F0C-8D13-D386611BDA0B/resourceGroups/TMX-PREPROD/providers/Microsoft.Sql/servers/tmx-finance-we/databases/fin-vitas-eg-dev-db,"""TMX-FIN"": ""Preprod"""
/subscriptions/3C3B8913-A968-4F0C-8D13-D386611BDA0B/resourceGroups/TMX-PREPROD/providers/Microsoft.Sql/servers/tmx-finance-we/databases/fin-vitasjor-uat-db-bk-201903011030,"""TMX-FIN"": ""Preprod"""
/subscriptions/3C3B8913-A968-4F0C-8D13-D386611BDA0B/resourceGroups/TMX-NOKIA-UAT/providers/Microsoft.Sql/servers/tlx-sd/elasticPools/TLX-SD-POOL,"""SD"": ""Preprod"""
/subscriptions/3C3B8913-A968-4F0C-8D13-D386611BDA0B/resourceGroups/TMX-PREPROD/providers/Microsoft.Sql/servers/tmx-finance-we/databases/fin-vitasjor-uat-prov-db-bk-201903011040,"""TMX-FIN"": ""Preprod"""
/subscriptions/cac601c4-4a4f-4aa3-939e-2923e23b1cd6/resourceGroups/an-preprod/providers/Microsoft.Web/sites/an-uat,"""AN"": ""Preprod"""
/subscriptions/cac601c4-4a4f-4aa3-939e-2923e23b1cd6/resourceGroups/an-preprod/providers/Microsoft.Web/sites/an-uat-api,"""AN"": ""Preprod"""
/subscriptions/cac601c4-4a4f-4aa3-939e-2923e23b1cd6/resourceGroups/AN-PROD/providers/Microsoft.Web/sites/an-prod2-func,"""AN"": ""Production"""
/subscriptions/CAC601C4-4A4F-4AA3-939E-2923E23B1CD6/resourceGroups/AN-PREPROD/providers/Microsoft.Sql/servers/an-stg/databases/icas-stg-db,"""ICAS"": ""Preprod"""
/subscriptions/CAC601C4-4A4F-4AA3-939E-2923E23B1CD6/resourceGroups/AN-PREPROD/providers/Microsoft.Sql/servers/an-stg/databases/lacas-stg-db2019-03-12-13-30,"""LACAS"": ""Preprod"""
/subscriptions/CAC601C4-4A4F-4AA3-939E-2923E23B1CD6/resourceGroups/AN-PREPROD/providers/Microsoft.Sql/servers/an-stg/databases/pide-stg,"""PIDE"": ""Preprod"""
/subscriptions/CAC601C4-4A4F-4AA3-939E-2923E23B1CD6/resourceGroups/AN-PREPROD/providers/Microsoft.Sql/servers/an-stg/databases/icas-stg-db-2019-3-13-0-11,"""ICAS"": ""Preprod"""
/subscriptions/CAC601C4-4A4F-4AA3-939E-2923E23B1CD6/resourceGroups/AN-PREPROD/providers/Microsoft.Sql/servers/an-stg/databases/lacas-stg-db-temp,"""LACAS"": ""Preprod"""
/subscriptions/CAC601C4-4A4F-4AA3-939E-2923E23B1CD6/resourceGroups/AN-PREPROD/providers/Microsoft.Sql/servers/an-stg/databases/lacas-stg-db,"""LACAS"": ""Preprod"""
/subscriptions/3c3b8913-a968-4f0c-8d13-d386611bda0b/resourceGroups/tmx-nokia-uat/providers/Microsoft.Web/sites/tlx-sd-auth-uat,"""SD"": ""Preprod"""
/subscriptions/3C3B8913-A968-4F0C-8D13-D386611BDA0B/resourceGroups/TMX-PREPROD/providers/Microsoft.Sql/servers/tmx-finance-we/databases/fin-vitasjor-stg-db,"""TMX-FIN"": ""Preprod"""
/subscriptions/3C3B8913-A968-4F0C-8D13-D386611BDA0B/resourceGroups/TMX-PREPROD/providers/Microsoft.Sql/servers/tmx-finance-we/databases/fin-vitasjor-stg-prov-db,"""TMX-FIN"": ""Preprod"""
/subscriptions/3c3b8913-a968-4f0c-8d13-d386611bda0b/resourceGroups/tmx-preprod/providers/Microsoft.Web/sites/tlx-sd-auth-uat,"""SD"": ""Preprod"""
/subscriptions/3C3B8913-A968-4F0C-8D13-D386611BDA0B/resourceGroups/TMX-PROD/providers/Microsoft.Sql/servers/tlx-sd-prod/databases/sd-prod-db_2019-04-05T09-00Z,"""SD"": ""Production"""
/subscriptions/565af59d-9511-40cd-811d-ce91ce902eb5/resourceGroups/vicenna-prod/providers/Microsoft.Network/trafficManagerProfiles/vicenna-uat-test,"""RMI(Vic)"": ""Preprod"""
/subscriptions/cac601c4-4a4f-4aa3-939e-2923e23b1cd6/resourceGroups/AN-PREPROD/providers/Microsoft.SignalRService/SignalR/an-uat-signalr,"""AN"": ""Preprod"""
/subscriptions/cac601c4-4a4f-4aa3-939e-2923e23b1cd6/resourceGroups/an-preprod/providers/Microsoft.Web/sites/an-uat-academics-func,"""AN"": ""Preprod"""
/subscriptions/cac601c4-4a4f-4aa3-939e-2923e23b1cd6/resourceGroups/an-preprod/providers/Microsoft.Web/sites/an-uat-func,"""AN"": ""Preprod"""
/subscriptions/cac601c4-4a4f-4aa3-939e-2923e23b1cd6/resourceGroups/an-preprod/providers/Microsoft.Web/sites/an-uat-func-scheduled,"""AN"": ""Preprod"""
/subscriptions/cac601c4-4a4f-4aa3-939e-2923e23b1cd6/resourceGroups/an-preprod/providers/Microsoft.Web/sites/hu-stg,"""AN"": ""Preprod"""
/subscriptions/cac601c4-4a4f-4aa3-939e-2923e23b1cd6/resourceGroups/an-preprod/providers/Microsoft.Web/sites/loadsample,"""AN"": ""Preprod"""
/subscriptions/cac601c4-4a4f-4aa3-939e-2923e23b1cd6/resourceGroups/an-preprod/providers/Microsoft.Web/sites/tip-stg-oaa,"""TIP"": ""Preprod"""
/subscriptions/565af59d-9511-40cd-811d-ce91ce902eb5/resourceGroups/vicenna-prod/providers/Microsoft.Storage/storageAccounts/hmisexternalintegrations,"""RMI(Vic)"": ""Preprod"""
/subscriptions/565af59d-9511-40cd-811d-ce91ce902eb5/resourceGroups/vicenna-prod/providers/Microsoft.Storage/storageAccounts/hmisinternalfunctionapp,"""RMI(Vic)"": ""Preprod"""
/subscriptions/565af59d-9511-40cd-811d-ce91ce902eb5/resourceGroups/vicenna-prod/providers/Microsoft.Web/sites/hmis-external-integrations,"""RMI(Vic)"": ""Preprod"""
/subscriptions/565af59d-9511-40cd-811d-ce91ce902eb5/resourceGroups/vicenna-prod/providers/Microsoft.Web/sites/hmis-internal-function-app,"""RMI(Vic)"": ""Preprod"""
/subscriptions/CAC601C4-4A4F-4AA3-939E-2923E23B1CD6/resourceGroups/AN-PREPROD/providers/Microsoft.Sql/servers/an-stg/databases/eta-stg-db2019-04-15-13-29,"""ETA"": ""Preprod"""
/subscriptions/CAC601C4-4A4F-4AA3-939E-2923E23B1CD6/resourceGroups/AN-PREPROD/providers/Microsoft.Sql/servers/an-stg/databases/lacas-stg-db2019-04-15-13-38,"""LACAS"": ""Preprod"""
/subscriptions/CAC601C4-4A4F-4AA3-939E-2923E23B1CD6/resourceGroups/AN-PREPROD/providers/Microsoft.Sql/servers/an-stg/databases/qarshi-stg-2019-4-19-16-56,"""QARSHI"": ""Preprod"""
/subscriptions/3c3b8913-a968-4f0c-8d13-d386611bda0b/resourceGroups/TMX-NE-VNET/providers/Microsoft.Network/connections/TMX-KSH-DR,"""Kashf"": ""Production"""
/subscriptions/3C3B8913-A968-4F0C-8D13-D386611BDA0B/resourceGroups/TMX-PROD/providers/Microsoft.Sql/servers/tlx-sd-prod/databases/sd-prod-db_2019-03-25T05-01Z,"""SD"": ""Production"""
/subscriptions/565af59d-9511-40cd-811d-ce91ce902eb5/resourceGroups/vicenna-prod/providers/Microsoft.Web/sites/vicenna-external-integrations,"""RMI(Vic)"": ""Production"""
/subscriptions/565af59d-9511-40cd-811d-ce91ce902eb5/resourceGroups/vicenna-prod/providers/Microsoft.Web/sites/vicenna-external-integrations2,"""RMI(Vic)"": ""Production"""
/subscriptions/565af59d-9511-40cd-811d-ce91ce902eb5/resourceGroups/vicenna-prod/providers/Microsoft.Web/sites/vicenna-internal-function-app,"""RMI(Vic)"": ""Production"""
/subscriptions/CAC601C4-4A4F-4AA3-939E-2923E23B1CD6/resourceGroups/AN-BI/providers/Microsoft.Sql/servers/an-bi/databases/an-rpt-test-db-21,"""AN"": ""Shared All"""
/subscriptions/CAC601C4-4A4F-4AA3-939E-2923E23B1CD6/resourceGroups/AN-BI/providers/Microsoft.Sql/servers/an-bi/databases/lacas-prod-db-bi,"""LACAS"": ""Production"""
/subscriptions/565AF59D-9511-40CD-811D-CE91CE902EB5/resourceGroups/HMIS-TLX/providers/Microsoft.Sql/servers/hmis/databases/vic-rmi-uat-db,"""RMI(Vic)"": ""Preprod"""
/subscriptions/CAC601C4-4A4F-4AA3-939E-2923E23B1CD6/resourceGroups/AN-BI/providers/Microsoft.Sql/servers/an-bi/databases/an-rpt-test-db,"""AN"": ""Shared All"""
/subscriptions/CAC601C4-4A4F-4AA3-939E-2923E23B1CD6/resourceGroups/AN-BI/providers/Microsoft.Sql/servers/an-bi-prod/databases/an-rpt-prod-db_2019-05-02T05-00Z,"""AN"": ""Production"""
/subscriptions/CAC601C4-4A4F-4AA3-939E-2923E23B1CD6/resourceGroups/AN-BI/providers/Microsoft.Sql/servers/an-bi/databases/an-stg-rpt-db-test,"""AN"": ""Preprod"""
/subscriptions/CAC601C4-4A4F-4AA3-939E-2923E23B1CD6/resourceGroups/AN-BI/providers/Microsoft.Sql/servers/an-bi-prod/databases/an-rpt-prod-db,"""AN"": ""Production"""
/subscriptions/3c3b8913-a968-4f0c-8d13-d386611bda0b/resourceGroups/TMX-PREPROD/providers/Microsoft.Web/sites/logging-service-app,"""TMX"": ""Preprod"""
/subscriptions/3c3b8913-a968-4f0c-8d13-d386611bda0b/resourceGroups/TMX-PREPROD/providers/Microsoft.Storage/storageAccounts/tmxstorageaccount,"""TMX"": ""Preprod"""
/subscriptions/3c3b8913-a968-4f0c-8d13-d386611bda0b/resourceGroups/TMX-PREPROD/providers/Microsoft.Web/sites/customer-service-app,"""TMX"": ""Preprod"""
/subscriptions/3c3b8913-a968-4f0c-8d13-d386611bda0b/resourceGroups/tmx-preprod/providers/Microsoft.Web/sites/painting-service-app,"""TMX"": ""Preprod"""
/subscriptions/3c3b8913-a968-4f0c-8d13-d386611bda0b/resourceGroups/tmx-preprod/providers/Microsoft.Web/sites/scheduler-service-app,"""TMX"": ""Preprod"""
/subscriptions/3c3b8913-a968-4f0c-8d13-d386611bda0b/resourceGroups/tmx-preprod/providers/Microsoft.Web/sites/artist-service-app,"""TMX"": ""Preprod"""
/subscriptions/3c3b8913-a968-4f0c-8d13-d386611bda0b/resourceGroups/tmx-preprod/providers/Microsoft.Web/sites/payment-service-app,"""TMX"": ""Preprod"""
/subscriptions/3c3b8913-a968-4f0c-8d13-d386611bda0b/resourceGroups/tmx-preprod/providers/Microsoft.Web/sites/venue-service-app,"""TMX"": ""Preprod"""
/subscriptions/3c3b8913-a968-4f0c-8d13-d386611bda0b/resourceGroups/tmx-preprod/providers/Microsoft.Web/sites/logging-service-app,"""TMX"": ""Preprod"""
/subscriptions/3c3b8913-a968-4f0c-8d13-d386611bda0b/resourceGroups/TMX-PREPROD/providers/Microsoft.Web/sites/planner-service-app,"""TMX"": ""Preprod"""
/subscriptions/3c3b8913-a968-4f0c-8d13-d386611bda0b/resourceGroups/TMX-PREPROD/providers/Microsoft.Web/sites/artmart-service-app,"""TMX"": ""Preprod"""
/subscriptions/3c3b8913-a968-4f0c-8d13-d386611bda0b/resourceGroups/tmx-preprod/providers/Microsoft.Web/sites/scheduler-service-app,"""TMX"": ""Preprod"""
/subscriptions/3c3b8913-a968-4f0c-8d13-d386611bda0b/resourceGroups/tmx-preprod/providers/Microsoft.Web/sites/auth-service-app,"""TMX"": ""Preprod"""
/subscriptions/3c3b8913-a968-4f0c-8d13-d386611bda0b/resourceGroups/TMX-PREPROD/providers/Microsoft.Web/sites/artist-service-app,"""TMX"": ""Preprod"""
/subscriptions/3C3B8913-A968-4F0C-8D13-D386611BDA0B/resourceGroups/TMX-PROD/providers/Microsoft.Sql/servers/tlx-sd-prod/databases/sd-prod-db_2019-05-07T01-00Z,"""SD"": ""Production"""
/subscriptions/3c3b8913-a968-4f0c-8d13-d386611bda0b/resourceGroups/tmx-preprod/providers/Microsoft.Web/sites/tmxsd-queue-processing-PROD,"""TMX"": ""Preprod"""
/subscriptions/3C3B8913-A968-4F0C-8D13-D386611BDA0B/resourceGroups/TMX-NOKIA-UAT/providers/Microsoft.Sql/servers/tlx-sd/databases/sd-uat-db2019-05-20-09-40,"""SD"": ""Preprod"""
/subscriptions/3c3b8913-a968-4f0c-8d13-d386611bda0b/resourceGroups/tmx-nokia-uat/providers/Microsoft.Web/sites/kashf-p2s-techx,"""Nokia"": ""Preprod"""
/subscriptions/3c3b8913-a968-4f0c-8d13-d386611bda0b/resourceGroups/tmx-nokia-uat/providers/Microsoft.Web/sites/ml-poc,"""Nokia"": ""Preprod"""
/subscriptions/3c3b8913-a968-4f0c-8d13-d386611bda0b/resourceGroups/tmx-nokia-uat/providers/Microsoft.Web/sites/tmxsd-queue-processing-PROD,"""Nokia"": ""Preprod"""
/subscriptions/3c3b8913-a968-4f0c-8d13-d386611bda0b/resourceGroups/TMX-PREPROD/providers/microsoft.insights/components/tmxsd-queue-processing-PROD,"""SD"": ""Production"""
/subscriptions/3C3B8913-A968-4F0C-8D13-D386611BDA0B/resourceGroups/TMX-PREPROD/providers/Microsoft.Sql/servers/tmx-finance-we/databases/fin-vitaseg-prod-db,"""TMX-FIN"": ""Production"""
/subscriptions/3C3B8913-A968-4F0C-8D13-D386611BDA0B/resourceGroups/TMX-PREPROD/providers/Microsoft.Sql/servers/tmx-finance-we/databases/fin-vitaseg-prod-prov-db,"""TMX-FIN"": ""Production"""
/subscriptions/3C3B8913-A968-4F0C-8D13-D386611BDA0B/resourceGroups/TMX-PREPROD/providers/Microsoft.Sql/servers/tmx-finance-we/databases/fin-vitasjor-stg-db-copy,"""TMX-FIN"": ""Preprod"""
/subscriptions/3C3B8913-A968-4F0C-8D13-D386611BDA0B/resourceGroups/TMX-PREPROD/providers/Microsoft.Sql/servers/tmx-finance-we/databases/sd-prod-db,"""SD"": ""Production"""
/subscriptions/3C3B8913-A968-4F0C-8D13-D386611BDA0B/resourceGroups/TMX-PROD/providers/Microsoft.Sql/servers/tlx-sd-prod/databases/sd-prod-db_2019-05-07T01-00Z,"""SD"": ""Production"""
/subscriptions/3C3B8913-A968-4F0C-8D13-D386611BDA0B/resourceGroups/TMX-PROD/providers/Microsoft.Sql/servers/tlx-sd-prod/databases/sd-prod-db_2019-05-07T09-36Z,"""SD"": ""Production"""
/subscriptions/3C3B8913-A968-4F0C-8D13-D386611BDA0B/resourceGroups/TMX-PROD/providers/Microsoft.Sql/servers/tlx-sd-prod/databases/sd-prod-db_Copy,"""SD"": ""Production"""
/subscriptions/3C3B8913-A968-4F0C-8D13-D386611BDA0B/resourceGroups/TMX-PROD/providers/Microsoft.Sql/servers/tlx-sd-prod/databases/sd-prod-db_Copy2019-05-23-08-40,"""SD"": ""Production"""
/subscriptions/3C3B8913-A968-4F0C-8D13-D386611BDA0B/resourceGroups/TMX-PROD/providers/Microsoft.Sql/servers/tlx-sd-prod/databases/sd-prod-db_Copy-2019-5-21-14-24,"""SD"": ""Production"""
/subscriptions/3C3B8913-A968-4F0C-8D13-D386611BDA0B/resourceGroups/TMX-PROD/providers/Microsoft.Sql/servers/tlx-sd-prod/databases/sd-prod-db-2019-05-08-00-00,"""SD"": ""Production"""
/subscriptions/3C3B8913-A968-4F0C-8D13-D386611BDA0B/resourceGroups/TMX-PROD/providers/Microsoft.Sql/servers/tlx-sd-prod/databases/sd-prod-db2019-05-08-00-00,"""SD"": ""Production"""
/subscriptions/3C3B8913-A968-4F0C-8D13-D386611BDA0B/resourceGroups/TMX-PROD/providers/Microsoft.Sql/servers/tlx-sd-prod/databases/sd-prod-db-2019-05-10-00-00,"""SD"": ""Production"""
/subscriptions/3C3B8913-A968-4F0C-8D13-D386611BDA0B/resourceGroups/TMX-PROD/providers/Microsoft.Sql/servers/tlx-sd-prod/databases/sd-prod-db-2019-05-11-00-00,"""SD"": ""Production"""
/subscriptions/3C3B8913-A968-4F0C-8D13-D386611BDA0B/resourceGroups/TMX-PROD/providers/Microsoft.Sql/servers/tlx-sd-prod/databases/sd-prod-db-2019-05-12-00-00,"""SD"": ""Production"""
/subscriptions/3C3B8913-A968-4F0C-8D13-D386611BDA0B/resourceGroups/TMX-PROD/providers/Microsoft.Sql/servers/tlx-sd-prod/databases/sd-prod-db-2019-05-13-00-00,"""SD"": ""Production"""
/subscriptions/3C3B8913-A968-4F0C-8D13-D386611BDA0B/resourceGroups/TMX-PROD/providers/Microsoft.Sql/servers/tlx-sd-prod/databases/sd-prod-db-2019-05-14-00-00,"""SD"": ""Production"""
/subscriptions/3C3B8913-A968-4F0C-8D13-D386611BDA0B/resourceGroups/TMX-PROD/providers/Microsoft.Sql/servers/tlx-sd-prod/databases/sd-prod-db-2019-05-15-00-00,"""SD"": ""Production"""
/subscriptions/3C3B8913-A968-4F0C-8D13-D386611BDA0B/resourceGroups/TMX-PROD/providers/Microsoft.Sql/servers/tlx-sd-prod/databases/sd-prod-db2019-05-15-06-55,"""SD"": ""Production"""
/subscriptions/3C3B8913-A968-4F0C-8D13-D386611BDA0B/resourceGroups/TMX-PROD/providers/Microsoft.Sql/servers/tlx-sd-prod/databases/sd-prod-db2019-05-15-11-36,"""SD"": ""Production"""
/subscriptions/3C3B8913-A968-4F0C-8D13-D386611BDA0B/resourceGroups/TMX-PROD/providers/Microsoft.Sql/servers/tlx-sd-prod/databases/sd-prod-db-2019-05-16-00-00,"""SD"": ""Production"""
/subscriptions/3C3B8913-A968-4F0C-8D13-D386611BDA0B/resourceGroups/TMX-PROD/providers/Microsoft.Sql/servers/tlx-sd-prod/databases/sd-prod-db-2019-05-17-00-00,"""SD"": ""Production"""
/subscriptions/3C3B8913-A968-4F0C-8D13-D386611BDA0B/resourceGroups/TMX-PROD/providers/Microsoft.Sql/servers/tlx-sd-prod/databases/sd-prod-db-2019-05-17-00-00-temp,"""SD"": ""Production"""
/subscriptions/3C3B8913-A968-4F0C-8D13-D386611BDA0B/resourceGroups/TMX-PROD/providers/Microsoft.Sql/servers/tlx-sd-prod/databases/sd-prod-db-2019-05-18-00-00,"""SD"": ""Production"""
/subscriptions/3C3B8913-A968-4F0C-8D13-D386611BDA0B/resourceGroups/TMX-PROD/providers/Microsoft.Sql/servers/tlx-sd-prod/databases/sd-prod-db2019-05-18-05-33,"""SD"": ""Production"""
/subscriptions/3C3B8913-A968-4F0C-8D13-D386611BDA0B/resourceGroups/TMX-PROD/providers/Microsoft.Sql/servers/tlx-sd-prod/databases/sd-prod-db-2019-05-19-00-00,"""SD"": ""Production"""
/subscriptions/3C3B8913-A968-4F0C-8D13-D386611BDA0B/resourceGroups/TMX-PROD/providers/Microsoft.Sql/servers/tlx-sd-prod/databases/sd-prod-db-2019-05-20-00-00,"""SD"": ""Production"""
/subscriptions/3C3B8913-A968-4F0C-8D13-D386611BDA0B/resourceGroups/TMX-PROD/providers/Microsoft.Sql/servers/tlx-sd-prod/databases/sd-prod-db-2019-05-21-00-00,"""SD"": ""Production"""
/subscriptions/3C3B8913-A968-4F0C-8D13-D386611BDA0B/resourceGroups/TMX-PROD/providers/Microsoft.Sql/servers/tlx-sd-prod/databases/sd-prod-db-2019-05-22-00-00,"""SD"": ""Production"""
/subscriptions/3C3B8913-A968-4F0C-8D13-D386611BDA0B/resourceGroups/TMX-PROD/providers/Microsoft.Sql/servers/tlx-sd-prod/databases/sd-prod-db-2019-05-23-00-00,"""SD"": ""Production"""
/subscriptions/3C3B8913-A968-4F0C-8D13-D386611BDA0B/resourceGroups/TMX-PROD/providers/Microsoft.Sql/servers/tlx-sd-prod/databases/sd-prod-db-2019-05-24-00-00,"""SD"": ""Production"""
/subscriptions/3C3B8913-A968-4F0C-8D13-D386611BDA0B/resourceGroups/TMX-PROD/providers/Microsoft.Sql/servers/tlx-sd-prod/databases/sd-prod-db2019-05-29-08-54,"""SD"": ""Production"""
/subscriptions/3C3B8913-A968-4F0C-8D13-D386611BDA0B/resourceGroups/TMX-PROD/providers/Microsoft.Sql/servers/tlx-sd-prod/databases/sd-prod-db2019-05-29-08-54-bk,"""SD"": ""Production"""
/subscriptions/3C3B8913-A968-4F0C-8D13-D386611BDA0B/resourceGroups/TMX-PROD/providers/Microsoft.Sql/servers/tlx-sd-prod/databases/sd-prod-db2019-05-31-06-28,"""SD"": ""Production"""
/subscriptions/3C3B8913-A968-4F0C-8D13-D386611BDA0B/resourceGroups/TMX-PROD/providers/Microsoft.Sql/servers/tlx-sd-prod/databases/sd-prod-db-bk-201905202102,"""SD"": ""Production"""
/subscriptions/3C3B8913-A968-4F0C-8D13-D386611BDA0B/resourceGroups/TMX-PROD/providers/Microsoft.Sql/servers/tlx-sd-prod/databases/sd-prod-db-copy,"""SD"": ""Production"""
/subscriptions/3C3B8913-A968-4F0C-8D13-D386611BDA0B/resourceGroups/TMX-PROD/providers/Microsoft.Sql/servers/tlx-sd-prod/databases/sd-prod-volka-db,"""SD"": ""Production"""
/subscriptions/565af59d-9511-40cd-811d-ce91ce902eb5/resourceGroups/hmis-tlx/providers/Microsoft.Web/sites/vic-dev-clone,"""Vic"": ""Preprod"""
/subscriptions/CAC601C4-4A4F-4AA3-939E-2923E23B1CD6/resourceGroups/AN-BI/providers/Microsoft.Sql/servers/an-bi/databases/an-rpt-dev-db,"""AN"": ""Shared All"""
/subscriptions/3c3b8913-a968-4f0c-8d13-d386611bda0b/resourceGroups/tmx-preprod/providers/Microsoft.Web/sites/config-service-app,"""TMX"": ""Preprod"""
/subscriptions/3c3b8913-a968-4f0c-8d13-d386611bda0b/resourceGroups/TMX-PREPROD/providers/Microsoft.Web/sites/event-service-app,"""TMX"": ""Preprod"""
/subscriptions/3c3b8913-a968-4f0c-8d13-d386611bda0b/resourceGroups/tmx-preprod/providers/Microsoft.Web/sites/financial-service-app,"""TMX"": ""Preprod"""
/subscriptions/3c3b8913-a968-4f0c-8d13-d386611bda0b/resourceGroups/TMX-PREPROD/providers/Microsoft.Web/sites/inventory-service-app,"""TMX"": ""Preprod"""
/subscriptions/3c3b8913-a968-4f0c-8d13-d386611bda0b/resourceGroups/TMX-PREPROD/providers/Microsoft.Web/sites/notification-service-app,"""TMX"": ""Preprod"""
/subscriptions/3c3b8913-a968-4f0c-8d13-d386611bda0b/resourceGroups/tmx-preprod/providers/Microsoft.Web/sites/order-service-app,"""TMX"": ""Preprod"""
/subscriptions/3c3b8913-a968-4f0c-8d13-d386611bda0b/resourceGroups/TMX-PROD/providers/Microsoft.Compute/disks/TMX-BI-PROD_OsDisk_1_a23ec368ba46495c95ec1a566f479017,"""TMX"": ""Production"""
/subscriptions/3c3b8913-a968-4f0c-8d13-d386611bda0b/resourceGroups/TMX-PROD/providers/Microsoft.Compute/virtualMachines/TMX-BI-PROD,"""TMX"": ""Production"""
/subscriptions/3c3b8913-a968-4f0c-8d13-d386611bda0b/resourceGroups/tmx-prod/providers/microsoft.insights/components/ProdQueueAPI,"""TMX"": ""Production"""
/subscriptions/3c3b8913-a968-4f0c-8d13-d386611bda0b/resourceGroups/TMX-PROD/providers/Microsoft.Network/connections/BIGBIRD-PROD,"""SD"": ""Production"""
/subscriptions/3c3b8913-a968-4f0c-8d13-d386611bda0b/resourceGroups/TMX-PROD/providers/Microsoft.Network/connections/QARSHI-PROD,"""QARSHI"": ""Production"""
/subscriptions/3c3b8913-a968-4f0c-8d13-d386611bda0b/resourceGroups/TMX-PROD/providers/Microsoft.Network/publicIPAddresses/TMX-BI-PROD-ip,"""TMX"": ""Production"""
/subscriptions/3c3b8913-a968-4f0c-8d13-d386611bda0b/resourceGroups/TMX-PROD/providers/Microsoft.Network/virtualNetworkGateways/TLX-MOBILITY-GW-PROD,"""TMX"": ""Production"""
/subscriptions/3c3b8913-a968-4f0c-8d13-d386611bda0b/resourceGroups/TMX-PROD/providers/Microsoft.Network/virtualNetworkGateways/TLX-MOBILITY-GW-PROD/VPNClientConnection,"""TMX"": ""Production"""
/subscriptions/3C3B8913-A968-4F0C-8D13-D386611BDA0B/resourceGroups/TMX-PROD/providers/Microsoft.Sql/servers/tmx-bi/databases/rpt-prod-db,"""TMX"": ""Production"""
/subscriptions/3c3b8913-a968-4f0c-8d13-d386611bda0b/resourceGroups/tmx-prod/providers/Microsoft.Web/serverfarms/TMXSD-PROD-VOLKA,"""SD"": ""Production"""
/subscriptions/3c3b8913-a968-4f0c-8d13-d386611bda0b/resourceGroups/TMX-PROD/providers/Microsoft.Web/sites/tlx-sd-prod-volka,"""SD"": ""Production"""
/subscriptions/565AF59D-9511-40CD-811D-CE91CE902EB5/resourceGroups/HMIS-TLX/providers/Microsoft.Sql/servers/hmis/databases/vic-rmi-uat-db-bk-201905111155,"""RMI(Vic)"": ""Preprod"""
/subscriptions/CAC601C4-4A4F-4AA3-939E-2923E23B1CD6/resourceGroups/AN-BI/providers/Microsoft.Sql/servers/an-bi/databases/an-stg-rpt-db-test-bk-201905161835,"""AN"": ""Preprod"""
/subscriptions/CAC601C4-4A4F-4AA3-939E-2923E23B1CD6/resourceGroups/AN-PROD/providers/Microsoft.Sql/servers/an-prod/databases/lacas-prod-db2019-05-11-08-47,"""LACAS"": ""Production"""
/subscriptions/CAC601C4-4A4F-4AA3-939E-2923E23B1CD6/resourceGroups/AN-PROD/providers/Microsoft.Sql/servers/an-prod/databases/lcibs-prod-db,"""LCIBS "": ""Production"""
/subscriptions/1EEBB23F-BE0F-4A70-A384-38FA0BCF8E56/resourceGroups/ITS-PREPROD/providers/Microsoft.Sql/servers/its-stg/databases/nat-dev-db,"""NAT"":""Preprod"""
/subscriptions/3c3b8913-a968-4f0c-8d13-d386611bda0b/resourcegroups/TMX-Chughtai/providers/Microsoft.NotificationHubs/namespaces/tmx-labs-dev,"""Chughtai"": ""Preprod"""
/subscriptions/3c3b8913-a968-4f0c-8d13-d386611bda0b/resourcegroups/TMX-Chughtai/providers/Microsoft.NotificationHubs/namespaces/tmx-labs-dev-pat,"""Chughtai"": ""Preprod"""
/subscriptions/3c3b8913-a968-4f0c-8d13-d386611bda0b/resourcegroups/TMX-Chughtai/providers/Microsoft.NotificationHubs/namespaces/tmx-labs-prod,"""Chughtai"": ""Production"""
/subscriptions/3c3b8913-a968-4f0c-8d13-d386611bda0b/resourcegroups/TMX-Chughtai/providers/Microsoft.NotificationHubs/namespaces/tmx-labs-prod-patient,"""Chughtai"": ""Production"""
/subscriptions/3c3b8913-a968-4f0c-8d13-d386611bda0b/resourcegroups/TMX-Chughtai/providers/Microsoft.NotificationHubs/namespaces/tmx-labs-qa,"""Chughtai"": ""Preprod"""
/subscriptions/3c3b8913-a968-4f0c-8d13-d386611bda0b/resourcegroups/TMX-Chughtai/providers/Microsoft.NotificationHubs/namespaces/tmx-labs-qa-patient,"""Chughtai"": ""Preprod"""
/subscriptions/3c3b8913-a968-4f0c-8d13-d386611bda0b/resourcegroups/tmx-nokia-qa/providers/microsoft.insights/actiongroups/test1,"""SD"": ""Preprod"""
/subscriptions/3c3b8913-a968-4f0c-8d13-d386611bda0b/resourceGroups/TMX-NOKIA-UAT/providers/microsoft.insights/metricAlerts/TMX-PREPROD01-APP_SVC_PLAN-CPU-S1-90perc,"""SD"": ""Preprod"""
/subscriptions/3c3b8913-a968-4f0c-8d13-d386611bda0b/resourceGroups/TMX-NOKIA-UAT/providers/microsoft.insights/metricAlerts/TMX-PREPROD01-APP_SVC_PLAN-MEM-S1-90perc,"""SD"": ""Preprod"""
/subscriptions/3C3B8913-A968-4F0C-8D13-D386611BDA0B/resourceGroups/TMX-NOKIA-UAT/providers/Microsoft.Sql/servers/tlx-sd/databases/sd-uat-db-2019-09-14-18-35,"""SD"": ""Preprod"""
/subscriptions/3C3B8913-A968-4F0C-8D13-D386611BDA0B/resourceGroups/TMX-NOKIA-UAT/providers/Microsoft.Sql/servers/tlx-sd/databases/sd-uat-db-copy,"""SD"": ""Preprod"""
/subscriptions/3c3b8913-a968-4f0c-8d13-d386611bda0b/resourcegroups/tmx-nokia-uat/providers/microsoft.web/sites/tlx-sd-auth,"""SD"": ""Preprod"""
/subscriptions/3c3b8913-a968-4f0c-8d13-d386611bda0b/resourcegroups/tmx-nokia-uat/providers/microsoft.web/sites/tmxsd-unilever-integration-uat,"""UNILEVER"":""Preprod"""
/subscriptions/3C3B8913-A968-4F0C-8D13-D386611BDA0B/resourceGroups/TMX-PREPROD/providers/Microsoft.Sql/servers/tmx-sd-unilever/databases/tmx-sd-unilever-uat,"""UNILEVER"":""Preprod"""
/subscriptions/3c3b8913-a968-4f0c-8d13-d386611bda0b/resourcegroups/tmx-preprod/providers/microsoft.web/sites/tmx-unilever-uat,"""UNILEVER"":""Preprod"""
/subscriptions/3c3b8913-a968-4f0c-8d13-d386611bda0b/resourcegroups/tmx-preprod/providers/microsoft.web/serverfarms/tmx-preprod-jordan,"""TMX-FIN"": ""Preprod"""
/subscriptions/3c3b8913-a968-4f0c-8d13-d386611bda0b/resourcegroups/tmx-preprod/providers/microsoft.web/serverfarms/tmx-preprod-leb,"""TMX-FIN"": ""Preprod"""
/subscriptions/3c3b8913-a968-4f0c-8d13-d386611bda0b/resourceGroups/TMX-PROD/providers/microsoft.insights/components/tmx-ebs-burque-integration-function-prod,"""SD"": ""Production"""
/subscriptions/3C3B8913-A968-4F0C-8D13-D386611BDA0B/resourceGroups/TMX-PROD/providers/Microsoft.Sql/servers/tlx-sd-prod/databases/sd-prod-db_2019-08-01T18-00Z,"""SD"": ""Production"""
/subscriptions/3c3b8913-a968-4f0c-8d13-d386611bda0b/resourcegroups/tmx-prod/providers/microsoft.web/serverfarms/tmx-preprod-jor,"""TMX-FIN"": ""Preprod"""
/subscriptions/3c3b8913-a968-4f0c-8d13-d386611bda0b/resourcegroups/tmx-prod/providers/microsoft.web/sites/tmxsd-processing-queue-prod,"""SD"": ""Production"""
/subscriptions/565af59d-9511-40cd-811d-ce91ce902eb5/resourceGroups/HMIS-TLX/providers/Microsoft.Cdn/profiles/rmiuatakamai,"""RMI(Vic)"": ""Preprod"""
/subscriptions/565af59d-9511-40cd-811d-ce91ce902eb5/resourceGroups/HMIS-TLX/providers/Microsoft.Cdn/profiles/rmiuatmicro,"""RMI(Vic)"": ""Preprod"""
/subscriptions/565af59d-9511-40cd-811d-ce91ce902eb5/resourceGroups/HMIS-TLX/providers/Microsoft.Cdn/profiles/rmiuatverizon,"""RMI(Vic)"": ""Preprod"""
/subscriptions/565af59d-9511-40cd-811d-ce91ce902eb5/resourceGroups/HMIS-TLX/providers/Microsoft.Cdn/profiles/vicrmiuat,"""RMI(Vic)"": ""Preprod"""
/subscriptions/565af59d-9511-40cd-811d-ce91ce902eb5/resourceGroups/HMIS-TLX/providers/Microsoft.Storage/storageAccounts/sqlvame7nieedwic6g,"""RMI(Vic)"": ""Preprod"""
/subscriptions/565af59d-9511-40cd-811d-ce91ce902eb5/resourceGroups/HMIS-TLX/providers/Microsoft.Storage/storageAccounts/vicstatic,"""RMI(Vic)"": ""Preprod"""
/subscriptions/565af59d-9511-40cd-811d-ce91ce902eb5/resourceGroups/vicenna-prod/providers/Microsoft.Cdn/profiles/vicenna-prod,"""RMI(Vic)"": ""Production"""
/subscriptions/565AF59D-9511-40CD-811D-CE91CE902EB5/resourceGroups/vicenna-prod/providers/Microsoft.Sql/servers/vicenna-prod/databases/isra-prod-db_2019-09-30T10-32Z,"""ISRA"":""Production"""
/subscriptions/565AF59D-9511-40CD-811D-CE91CE902EB5/resourceGroups/vicenna-prod/providers/Microsoft.Sql/servers/vicenna-prod/databases/isra-prod-db_2019-09-30T10-34Z,"""ISRA"":""Production"""
/subscriptions/565af59d-9511-40cd-811d-ce91ce902eb5/resourcegroups/vicenna-prod/providers/microsoft.web/sites/vic-sec/slots/version2,"""RMI(Vic)"": ""Production"""
/subscriptions/565af59d-9511-40cd-811d-ce91ce902eb5/resourcegroups/vicenna-prod/providers/microsoft.web/sites/vic-sec__1b9f,"""RMI(Vic)"": ""Production"""
/subscriptions/CAC601C4-4A4F-4AA3-939E-2923E23B1CD6/resourceGroups/AN-BI/providers/Microsoft.Sql/servers/an-bi-prod/databases/temp-cloudops,"""AN"": ""Preprod"""
/subscriptions/CAC601C4-4A4F-4AA3-939E-2923E23B1CD6/resourceGroups/AN-PREPROD/providers/Microsoft.Sql/servers/an-stg/databases/abwa-stg-db,"""ABWA"": ""Preprod"""
/subscriptions/CAC601C4-4A4F-4AA3-939E-2923E23B1CD6/resourceGroups/AN-PREPROD/providers/Microsoft.Sql/servers/an-stg/databases/atlas-dev-db,"""ATLAS"": ""Preprod"""
/subscriptions/CAC601C4-4A4F-4AA3-939E-2923E23B1CD6/resourceGroups/AN-PREPROD/providers/Microsoft.Sql/servers/an-stg/databases/atlas-stg-db,"""ATLAS"": ""Preprod"""
/subscriptions/CAC601C4-4A4F-4AA3-939E-2923E23B1CD6/resourceGroups/AN-PREPROD/providers/Microsoft.Sql/servers/an-stg/databases/avicenna-stg2,"""AVICENNA"": ""Preprod"""
/subscriptions/CAC601C4-4A4F-4AA3-939E-2923E23B1CD6/resourceGroups/AN-PREPROD/providers/Microsoft.Sql/servers/an-stg/databases/demo_db,"""AN"": ""Preprod"""
/subscriptions/CAC601C4-4A4F-4AA3-939E-2923E23B1CD6/resourceGroups/AN-PREPROD/providers/Microsoft.Sql/servers/an-stg/databases/demo-database,"""AN"": ""Preprod"""
/subscriptions/CAC601C4-4A4F-4AA3-939E-2923E23B1CD6/resourceGroups/AN-PREPROD/providers/Microsoft.Sql/servers/an-stg/databases/educor-demo-db,"""EDUCOR"": ""Preprod"""
/subscriptions/CAC601C4-4A4F-4AA3-939E-2923E23B1CD6/resourceGroups/AN-PREPROD/providers/Microsoft.Sql/servers/an-stg/databases/eta-stg-db,"""ETA"": ""Preprod"""
/subscriptions/CAC601C4-4A4F-4AA3-939E-2923E23B1CD6/resourceGroups/AN-PREPROD/providers/Microsoft.Sql/servers/an-stg/databases/iac-stg-db,"""IAC"": ""Preprod"""
/subscriptions/CAC601C4-4A4F-4AA3-939E-2923E23B1CD6/resourceGroups/AN-PREPROD/providers/Microsoft.Sql/servers/an-stg/databases/ivs-stg-db,"""IVS"": ""Preprod"""
/subscriptions/CAC601C4-4A4F-4AA3-939E-2923E23B1CD6/resourceGroups/AN-PREPROD/providers/Microsoft.Sql/servers/an-stg/databases/lcibs-stg-db,"""LCIBS"": ""Preprod"""
/subscriptions/CAC601C4-4A4F-4AA3-939E-2923E23B1CD6/resourceGroups/AN-PREPROD/providers/Microsoft.Sql/servers/an-stg/databases/newbridge-stg-db,"""NEWBRIDGE"": ""Preprod"""
/subscriptions/CAC601C4-4A4F-4AA3-939E-2923E23B1CD6/resourceGroups/AN-PREPROD/providers/Microsoft.Sql/servers/an-stg/databases/qarshi-stg,"""QARSHI"": ""Preprod"""
/subscriptions/CAC601C4-4A4F-4AA3-939E-2923E23B1CD6/resourceGroups/AN-PREPROD/providers/Microsoft.Sql/servers/an-stg/databases/rmi-stg-db,"""RMI"": ""Preprod"""
/subscriptions/CAC601C4-4A4F-4AA3-939E-2923E23B1CD6/resourceGroups/AN-PREPROD/providers/Microsoft.Sql/servers/an-stg/databases/rmi-stg-db_2019-09-05T13 -48Z,"""RMI"": ""Preprod"""
/subscriptions/CAC601C4-4A4F-4AA3-939E-2923E23B1CD6/resourceGroups/AN-PREPROD/providers/Microsoft.Sql/servers/an-stg/databases/sbsn-dev-db,"""SBSN"": ""Preprod"""
/subscriptions/CAC601C4-4A4F-4AA3-939E-2923E23B1CD6/resourceGroups/AN-PREPROD/providers/Microsoft.Sql/servers/an-stg/databases/sbsn-stg-db,"""SBSN"": ""Preprod"""
/subscriptions/CAC601C4-4A4F-4AA3-939E-2923E23B1CD6/resourceGroups/AN-PREPROD/providers/Microsoft.Sql/servers/an-stg/databases/ssuet-stag,"""SSUET"": ""Preprod"""
/subscriptions/CAC601C4-4A4F-4AA3-939E-2923E23B1CD6/resourceGroups/AN-PREPROD/providers/Microsoft.Sql/servers/an-stg/databases/ssuet-stag_2019-09-20T06 -40Z,"""SSUET"": ""Preprod"""
/subscriptions/CAC601C4-4A4F-4AA3-939E-2923E23B1CD6/resourceGroups/AN-PREPROD/providers/Microsoft.Sql/servers/an-stg/databases/tip-stg-db,"""TIP"": ""Preprod"""
/subscriptions/CAC601C4-4A4F-4AA3-939E-2923E23B1CD6/resourceGroups/AN-PREPROD/providers/Microsoft.Sql/servers/an-stg/databases/tmuc-stg-db,"""TMUC"": ""Preprod"""
/subscriptions/CAC601C4-4A4F-4AA3-939E-2923E23B1CD6/resourceGroups/AN-PREPROD/providers/Microsoft.Sql/servers/an-stg/databases/uni4institute-stg-db,"""UNI4INSTITUTE"": ""Preprod"""
/subscriptions/cac601c4-4a4f-4aa3-939e-2923e23b1cd6/resourcegroups/an-preprod/providers/microsoft.web/sites/an-staging-func,"""AN"": ""Preprod"""
/subscriptions/CAC601C4-4A4F-4AA3-939E-2923E23B1CD6/resourceGroups/AN-PROD/providers/Microsoft.Sql/servers/an-prod/databases/pide-prod-db,"""PIDE"": ""Preprod"""
/subscriptions/CAC601C4-4A4F-4AA3-939E-2923E23B1CD6/resourceGroups/AN-PROD/providers/Microsoft.Sql/servers/an-prod/databases/rmi-prod-db-1,"""RMI"": ""Production"""
/subscriptions/CAC601C4-4A4F-4AA3-939E-2923E23B1CD6/resourceGroups/AN-PROD/providers/Microsoft.Sql/servers/an-prod/databases/rmi-prod-db_Clone,"""RMI"": ""Production"""
/subscriptions/CAC601C4-4A4F-4AA3-939E-2923E23B1CD6/resourceGroups/AN-PROD/providers/Microsoft.Sql/servers/an-prod/databases/rmi-prod-db-1,"""RMI"": ""Production"""
/subscriptions/CAC601C4-4A4F-4AA3-939E-2923E23B1CD6/resourceGroups/AN-PROD/providers/Microsoft.Sql/servers/an-prod/databases/ssuet-prod-db,"""SSUET"": ""Production"""
/subscriptions/cac601c4-4a4f-4aa3-939e-2923e23b1cd6/resourcegroups/an-prod/providers/microsoft.web/sites/an-prod-func,"""AN"": ""Production"""
/subscriptions/cac601c4-4a4f-4aa3-939e-2923e23b1cd6/resourcegroups/an-prod/providers/microsoft.web/sites/an-prod-func-scheduled,"""AN"": ""Production"""
/subscriptions/3c3b8913-a968-4f0c-8d13-d386611bda0b/providers/microsoft.visualstudio/organizations/tlxmobility,"""SD"": ""Preprod"""
/subscriptions/3c3b8913-a968-4f0c-8d13-d386611bda0b/resourceGroups/NetworkWatcherRG/providers/Microsoft.Network/networkWatchers/NetworkWatcher_northeurope,"""SD"": ""Preprod"""
/subscriptions/3c3b8913-a968-4f0c-8d13-d386611bda0b/resourcegroups/tmx-chughtai/providers/microsoft.web/serverfarms/tmx-chughtai-prod,"""Chughtai"": ""Production"""
/subscriptions/3c3b8913-a968-4f0c-8d13-d386611bda0b/resourcegroups/tmx-chughtai/providers/microsoft.web/sites/chughtai,"""Chughtai"": ""Preprod"""
/subscriptions/3c3b8913-a968-4f0c-8d13-d386611bda0b/resourceGroups/tmx-mf-prod/providers/microsoft.insights/components/tmx-mf-prod,"""SD"": ""Production"""
/subscriptions/3c3b8913-a968-4f0c-8d13-d386611bda0b/resourceGroups/TMX-NOKIA-PROD/providers/microsoft.insights/components/tmx-sd-prod-nokia,"""Nokia"": ""Production"""
/subscriptions/3C3B8913-A968-4F0C-8D13-D386611BDA0B/resourceGroups/TMX-NOKIA-UAT/providers/Microsoft.Sql/servers/tlx-sd/databases/sd-pre-prod-db,"""SD"": ""Preprod"""
/subscriptions/3C3B8913-A968-4F0C-8D13-D386611BDA0B/resourceGroups/TMX-NOKIA-UAT/providers/Microsoft.Sql/servers/tlx-sd/databases/sd-prod-db-gp_Copy,"""SD"": ""Production"""
/subscriptions/3c3b8913-a968-4f0c-8d13-d386611bda0b/resourceGroups/TMX-NOKIA-UAT/providers/Microsoft.Storage/storageAccounts/storageaccounttmxnoa0f7,"""Nokia"": ""Preprod"""
/subscriptions/3c3b8913-a968-4f0c-8d13-d386611bda0b/resourcegroups/tmx-nokia-uat/providers/microsoft.web/sites/kashf-uat,"""Kashf"": ""Preprod"""
/subscriptions/3c3b8913-a968-4f0c-8d13-d386611bda0b/resourcegroups/tmx-nokia-uat/providers/microsoft.web/sites/nokiauaeuat,"""Nokia-UAE"": ""Preprod"""
/subscriptions/3c3b8913-a968-4f0c-8d13-d386611bda0b/resourcegroups/tmx-nokia-uat/providers/microsoft.web/sites/tlx-sd-app,"""SD"": ""Preprod"""
/subscriptions/3c3b8913-a968-4f0c-8d13-d386611bda0b/resourcegroups/tmx-nokia-uat/providers/microsoft.web/sites/tlx-sd-app__615e,"""SD"": ""Preprod"""
/subscriptions/3c3b8913-a968-4f0c-8d13-d386611bda0b/resourcegroups/tmx-nokia-uat/providers/microsoft.web/sites/tlx-sd-uat-process-queue,"""SD"": ""Preprod"""
/subscriptions/3c3b8913-a968-4f0c-8d13-d386611bda0b/resourcegroups/tmx-nokia-uat/providers/microsoft.web/sites/tmx-cll-qa,"""Chughtai"": ""Preprod"""
/subscriptions/3c3b8913-a968-4f0c-8d13-d386611bda0b/resourcegroups/tmx-nokia-uat/providers/microsoft.web/sites/tmx-dynasty-integration-function,"""SD"": ""Preprod"""
/subscriptions/3c3b8913-a968-4f0c-8d13-d386611bda0b/resourcegroups/tmx-nokia-uat/providers/microsoft.web/sites/tmx-ebs-burque-integration-function,"""SD"": ""Preprod"""
/subscriptions/3c3b8913-a968-4f0c-8d13-d386611bda0b/resourcegroups/tmx-nokia-uat/providers/microsoft.web/sites/tmx-nokia-uat,"""Nokia"": ""Preprod"""
/subscriptions/3c3b8913-a968-4f0c-8d13-d386611bda0b/resourcegroups/tmx-nokia-uat/providers/microsoft.web/sites/tmxsd-unilever-integration-qa,"""UNILEVER"":""Preprod"""
/subscriptions/3C3B8913-A968-4F0C-8D13-D386611BDA0B/resourceGroups/TMX-PREPROD/providers/Microsoft.Sql/servers/tmx-finance-we/elasticPools/TLX-DLP-POOL,"""TMX-FIN"": ""Preprod"""
/subscriptions/3c3b8913-a968-4f0c-8d13-d386611bda0b/resourceGroups/TMX-PREPROD/providers/Microsoft.Storage/storageAccounts/storageaccounttmxpra3b9,"""SD"": ""Preprod"""
/subscriptions/3c3b8913-a968-4f0c-8d13-d386611bda0b/resourceGroups/TMX-PREPROD/providers/Microsoft.Storage/storageAccounts/storageaccounttmxprad7b,"""SD"": ""Preprod"""
/subscriptions/3c3b8913-a968-4f0c-8d13-d386611bda0b/resourceGroups/TMX-PREPROD/providers/Microsoft.Storage/storageAccounts/storageaccounttmxpraff7,"""SD"": ""Preprod"""
/subscriptions/3c3b8913-a968-4f0c-8d13-d386611bda0b/resourcegroups/tmx-preprod/providers/microsoft.web/sites/coupon-service-app,"""SD"": ""Preprod"""
/subscriptions/3c3b8913-a968-4f0c-8d13-d386611bda0b/resourcegroups/tmx-preprod/providers/microsoft.web/sites/ticketbooking-service-app,"""SD"": ""Preprod"""
/subscriptions/3c3b8913-a968-4f0c-8d13-d386611bda0b/resourcegroups/tmx-preprod/providers/microsoft.web/sites/ticketgeneration-service-app,"""SD"": ""Preprod"""
/subscriptions/3c3b8913-a968-4f0c-8d13-d386611bda0b/resourcegroups/tmx-preprod/providers/microsoft.web/sites/tmx-diagnostics,"""SD"": ""Preprod"""
/subscriptions/3c3b8913-a968-4f0c-8d13-d386611bda0b/resourceGroups/TMX-PROD/providers/Microsoft.Cdn/profiles/vitas,"""TMX-FIN"": ""Production"""
/subscriptions/3c3b8913-a968-4f0c-8d13-d386611bda0b/resourceGroups/TMX-PROD/providers/Microsoft.Network/connections/FIN-VITASJOR,"""TMX-FIN"": ""Production"""
/subscriptions/3c3b8913-a968-4f0c-8d13-d386611bda0b/resourceGroups/TMX-PROD/providers/Microsoft.Network/virtualNetworkGateways/FIN-VITASJOR-GW,"""TMX-FIN"": ""Production"""
/subscriptions/3c3b8913-a968-4f0c-8d13-d386611bda0b/resourceGroups/TMX-PROD/providers/Microsoft.Network/virtualNetworkGateways/FIN-VITASJOR-GW/VPNClientConnection,"""TMX-FIN"": ""Production"""
/subscriptions/3C3B8913-A968-4F0C-8D13-D386611BDA0B/resourceGroups/TMX-PROD/providers/Microsoft.Sql/servers/tlx-sd-prod/databases/sd-prod-db_2020-01-29T09-00Z,"""SD"": ""Production"""
/subscriptions/3C3B8913-A968-4F0C-8D13-D386611BDA0B/resourceGroups/TMX-PROD/providers/Microsoft.Sql/servers/tlx-sd-prod/databases/sd-prod-db-gp_Copy,"""SD"": ""Production"""
/subscriptions/3C3B8913-A968-4F0C-8D13-D386611BDA0B/resourceGroups/TMX-PROD/providers/Microsoft.Sql/servers/tlx-sd-prod-replica/databases/sd-prod-db,"""SD"": ""Production"""
/subscriptions/3C3B8913-A968-4F0C-8D13-D386611BDA0B/resourceGroups/TMX-PROD/providers/Microsoft.Sql/servers/tmx-bi/databases/rpt-dev-db,"""SD"": ""Production"""
/subscriptions/3c3b8913-a968-4f0c-8d13-d386611bda0b/resourceGroups/TMX-PROD/providers/Microsoft.Storage/storageAccounts/tmxdiagnostics,"""SD"": ""Production"""
/subscriptions/3c3b8913-a968-4f0c-8d13-d386611bda0b/resourcegroups/tmx-prod/providers/microsoft.web/serverfarms/tlx-sd-prod,"""SD"": ""Production"""
/subscriptions/3c3b8913-a968-4f0c-8d13-d386611bda0b/resourcegroups/tmx-prod/providers/microsoft.web/serverfarms/tlx-sd-prod2,"""SD"": ""Production"""
/subscriptions/3c3b8913-a968-4f0c-8d13-d386611bda0b/resourcegroups/tmx-prod/providers/microsoft.web/sites/tlx-sd-prod__46b0,"""SD"": ""Production"""
/subscriptions/3c3b8913-a968-4f0c-8d13-d386611bda0b/resourcegroups/tmx-prod/providers/microsoft.web/sites/tlx-sd-prod-api,"""SD"": ""Production"""
/subscriptions/3c3b8913-a968-4f0c-8d13-d386611bda0b/resourcegroups/tmx-prod/providers/microsoft.web/sites/tlx-sd-prod-api-pdf,"""SD"": ""Production"""
/subscriptions/3c3b8913-a968-4f0c-8d13-d386611bda0b/resourcegroups/tmx-sd-preprod/providers/microsoft.web/serverfarms/tmx-sd-preprod,"""SD"": ""Preprod"""
/subscriptions/3c3b8913-a968-4f0c-8d13-d386611bda0b/resourcegroups/tmx-sd-preprod/providers/microsoft.web/sites/tmx-sd-preprod,"""SD"": ""Preprod"""
/subscriptions/3c3b8913-a968-4f0c-8d13-d386611bda0b/resourcegroups/tmx-sd-preprod/providers/microsoft.web/sites/tmx-sd-preprod-auth,"""SD"": ""Preprod"""
/subscriptions/3c3b8913-a968-4f0c-8d13-d386611bda0b/resourceGroups/TMX-SD-PROD/providers/Microsoft.Storage/storageAccounts/tmxsdprodgp,"""SD"": ""Production"""
/subscriptions/3c3b8913-a968-4f0c-8d13-d386611bda0b/resourcegroups/tmx-sd-prod/providers/microsoft.web/serverfarms/tmx-sd-prod-01,"""SD"": ""Production"""
/subscriptions/3c3b8913-a968-4f0c-8d13-d386611bda0b/resourcegroups/tmx-sd-prod/providers/microsoft.web/serverfarms/tmx-sd-prod-02,"""SD"": ""Production"""
/subscriptions/3c3b8913-a968-4f0c-8d13-d386611bda0b/resourcegroups/tmx-sd-prod/providers/microsoft.web/serverfarms/tmx-sd-prod-gp,"""SD"": ""Production"""
/subscriptions/3c3b8913-a968-4f0c-8d13-d386611bda0b/resourcegroups/tmx-sd-prod/providers/microsoft.web/sites/tlx-sd-prod,"""SD"": ""Production"""
/subscriptions/3c3b8913-a968-4f0c-8d13-d386611bda0b/resourcegroups/tmx-sd-prod/providers/microsoft.web/sites/tlx-sd-prod-api,"""SD"": ""Production"""
/subscriptions/3c3b8913-a968-4f0c-8d13-d386611bda0b/resourcegroups/tmx-sd-prod/providers/microsoft.web/sites/tlx-sd-prod-api-pdf,"""SD"": ""Production"""
/subscriptions/3c3b8913-a968-4f0c-8d13-d386611bda0b/resourcegroups/tmx-sd-prod/providers/microsoft.web/sites/tlx-sd-prod-gp-api,"""SD"": ""Production"""
/subscriptions/3c3b8913-a968-4f0c-8d13-d386611bda0b/resourcegroups/tmx-sd-prod/providers/microsoft.web/sites/tlx-sd-prod-gp-auth,"""SD"": ""Production"""
/subscriptions/3c3b8913-a968-4f0c-8d13-d386611bda0b/resourcegroups/tmx-sd-prod/providers/microsoft.web/sites/tmx-diagnostics,"""SD"": ""Production"""
/subscriptions/3c3b8913-a968-4f0c-8d13-d386611bda0b/resourceGroups/TMX-SD-UAT/providers/microsoft.insights/components/tmx-sd-uat,"""SD"": ""Preprod"""
/subscriptions/3c3b8913-a968-4f0c-8d13-d386611bda0b/resourcegroups/tmx-sd-uat/providers/microsoft.web/serverfarms/tmx-sd-uat,"""SD"": ""Preprod"""
/subscriptions/3c3b8913-a968-4f0c-8d13-d386611bda0b/resourcegroups/tmx-sd-uat/providers/microsoft.web/sites/tmx-mf-uat-kashf,"""SD"": ""Preprod"""
/subscriptions/3c3b8913-a968-4f0c-8d13-d386611bda0b/resourcegroups/tmx-sd-uat/providers/microsoft.web/sites/tmx-sd-atlas-api-uat,"""SD"": ""Preprod"""
/subscriptions/3c3b8913-a968-4f0c-8d13-d386611bda0b/resourcegroups/tmx-sd-uat/providers/microsoft.web/sites/tmx-sd-atlas-app-uat,"""SD"": ""Preprod"""
/subscriptions/3c3b8913-a968-4f0c-8d13-d386611bda0b/resourcegroups/tmx-sd-uat/providers/microsoft.web/sites/tmx-sd-nokiauae-uat,"""Nokia-UAE"": ""Preprod"""
/subscriptions/3c3b8913-a968-4f0c-8d13-d386611bda0b/resourcegroups/tmx-sd-uat/providers/microsoft.web/sites/tmx-sd-nokia-uat,"""Nokia"": ""Preprod"""
/subscriptions/3c3b8913-a968-4f0c-8d13-d386611bda0b/resourcegroups/tmx-sd-uat/providers/microsoft.web/sites/tmx-sd-uat,"""SD"": ""Preprod"""
/subscriptions/3c3b8913-a968-4f0c-8d13-d386611bda0b/resourcegroups/tmx-sd-uat/providers/microsoft.web/sites/tmx-sd-uat-atlas-api,"""SD"": ""Preprod"""
/subscriptions/3c3b8913-a968-4f0c-8d13-d386611bda0b/resourcegroups/tmx-sd-uat/providers/microsoft.web/sites/tmx-sd-uat-atlas-app,"""SD"": ""Preprod"""
/subscriptions/3c3b8913-a968-4f0c-8d13-d386611bda0b/resourcegroups/tmx-sd-uat/providers/microsoft.web/sites/tmx-sd-uat-auth,"""SD"": ""Preprod"""
/subscriptions/3c3b8913-a968-4f0c-8d13-d386611bda0b/resourcegroups/tmx-sd-uat/providers/microsoft.web/sites/tmx-sd-uat-dynasty-integration,"""SD"": ""Preprod"""
/subscriptions/3c3b8913-a968-4f0c-8d13-d386611bda0b/resourcegroups/tmx-sd-uat/providers/microsoft.web/sites/tmx-sd-uat-ebs-burque-integration,"""SD"": ""Preprod"""
/subscriptions/3c3b8913-a968-4f0c-8d13-d386611bda0b/resourcegroups/tmx-sd-uat/providers/microsoft.web/sites/tmx-sd-uat-nokia,"""Nokia"": ""Preprod"""
/subscriptions/3c3b8913-a968-4f0c-8d13-d386611bda0b/resourcegroups/tmx-sd-uat/providers/microsoft.web/sites/tmx-sd-uat-nokiauae,"""Nokia-UAE"": ""Preprod"""
/subscriptions/3c3b8913-a968-4f0c-8d13-d386611bda0b/resourcegroups/tmx-sd-uat/providers/microsoft.web/sites/tmx-sd-uat-queue-processor,"""SD"": ""Preprod"""
/subscriptions/3c3b8913-a968-4f0c-8d13-d386611bda0b/resourcegroups/tmx-sd-uat/providers/microsoft.web/sites/tmx-uat-kashf,"""Kashf"": ""Preprod"""
/subscriptions/3c3b8913-a968-4f0c-8d13-d386611bda0b/resourceGroups/TMX-UNILEVER/providers/Microsoft.Cdn/profiles/unilever-prod,"""UNILEVER"": ""Production"""
/subscriptions/3c3b8913-a968-4f0c-8d13-d386611bda0b/resourceGroups/TMX-UNILEVER/providers/Microsoft.ContainerInstance/containerGroups/sftp-group,"""UNILEVER"": ""Production"""
/subscriptions/3C3B8913-A968-4F0C-8D13-D386611BDA0B/resourceGroups/TMX-UNILEVER/providers/Microsoft.Sql/servers/tmx-sd-unilever/databases/sd-prod-db,"""SD"": ""Production"""
/subscriptions/3C3B8913-A968-4F0C-8D13-D386611BDA0B/resourceGroups/TMX-UNILEVER/providers/Microsoft.Sql/servers/tmx-sd-unilever/databases/tmx-sd-unilever-prod-db,"""UNILEVER"": ""Production"""
/subscriptions/3C3B8913-A968-4F0C-8D13-D386611BDA0B/resourceGroups/TMX-UNILEVER/providers/Microsoft.Sql/servers/tmx-sd-unilever/databases/tmx-sd-unilever-prod-db_2020-01-06T14-15Z,"""UNILEVER"": ""Production"""
/subscriptions/3C3B8913-A968-4F0C-8D13-D386611BDA0B/resourceGroups/TMX-UNILEVER/providers/Microsoft.Sql/servers/tmx-sd-unilever/databases/tmx-sd-unilever-prod-db_2020-01-08T05-00Z,"""UNILEVER"": ""Production"""
/subscriptions/3C3B8913-A968-4F0C-8D13-D386611BDA0B/resourceGroups/TMX-UNILEVER/providers/Microsoft.Sql/servers/tmx-sd-unilever/databases/tmx-sd-unilever-uat,"""UNILEVER"":""Preprod"""
/subscriptions/3C3B8913-A968-4F0C-8D13-D386611BDA0B/resourceGroups/TMX-UNILEVER/providers/Microsoft.Sql/servers/tmx-sd-unilever/databases/tmx-sd-unilever-uat_Copy,"""UNILEVER"":""Preprod"""
/subscriptions/3C3B8913-A968-4F0C-8D13-D386611BDA0B/resourceGroups/TMX-UNILEVER/providers/Microsoft.Sql/servers/tmx-sd-unilever/databases/tmx-sd-unilever-uat_Copy_2020-01-02,"""UNILEVER"":""Preprod"""
/subscriptions/3C3B8913-A968-4F0C-8D13-D386611BDA0B/resourceGroups/TMX-UNILEVER/providers/Microsoft.Sql/servers/tmx-sd-unilever/databases/tmx-sd-unilever-uat2,"""UNILEVER"":""Preprod"""
/subscriptions/3c3b8913-a968-4f0c-8d13-d386611bda0b/resourceGroups/TMX-UNILEVER/providers/Microsoft.Storage/storageAccounts/storageaccounttmxunb1bd,"""UNILEVER"":""Preprod"""
/subscriptions/3c3b8913-a968-4f0c-8d13-d386611bda0b/resourceGroups/TMX-UNILEVER/providers/Microsoft.Storage/storageAccounts/storageaccounttmxunbae6,"""UNILEVER"":""Preprod"""
/subscriptions/3c3b8913-a968-4f0c-8d13-d386611bda0b/resourcegroups/tmx-unilever/providers/microsoft.web/sites/tmx-sd-unilever-auth,"""UNILEVER"":""Preprod"""
/subscriptions/3c3b8913-a968-4f0c-8d13-d386611bda0b/resourcegroups/tmx-unilever/providers/microsoft.web/sites/tmxsd-unilever-integration-prod-v1,"""UNILEVER"": ""Production"""
/subscriptions/4dd7fe8f-2633-4798-81a8-7b79fcb93f3b/resourceGroups/powerbiembedded/providers/Microsoft.Automation/automationAccounts/techlogixautoaccount,"""PowerBIService"" : ""Production"""
/subscriptions/565AF59D-9511-40CD-811D-CE91CE902EB5/resourceGroups/HMIS-TLX/providers/Microsoft.Sql/servers/hmis/databases/vic-rmi-uat-db_2020-01-29T10 -24Z,"""RMI(Vic)"": ""Preprod"""
/subscriptions/565af59d-9511-40cd-811d-ce91ce902eb5/resourceGroups/RSV/providers/Microsoft.Storage/storageAccounts/rsv1temp,"""RMI(Vic)"": ""Preprod"""
/subscriptions/565af59d-9511-40cd-811d-ce91ce902eb5/resourceGroups/RSV/providers/Microsoft.Storage/storageAccounts/rsv2temp,"""RMI(Vic)"": ""Preprod"""
/subscriptions/565af59d-9511-40cd-811d-ce91ce902eb5/resourceGroups/VICENNA/providers/Microsoft.Storage/storageAccounts/storageaccountvicenbf19,"""RMI(Vic)"": ""Preprod"""
/subscriptions/565AF59D-9511-40CD-811D-CE91CE902EB5/resourceGroups/vicenna-prod/providers/Microsoft.Sql/servers/vicenna-prod/databases/rmi-prod_2019-12-31T18-30Z,"""RMI(Vic)"": ""Production"""
/subscriptions/565af59d-9511-40cd-811d-ce91ce902eb5/resourcegroups/vicenna-prod/providers/microsoft.web/sites/rmi-uat-sec,"""RMI(Vic)"": ""Preprod"""
/subscriptions/565af59d-9511-40cd-811d-ce91ce902eb5/resourcegroups/vicenna-prod/providers/microsoft.web/sites/vic-sec,"""RMI(Vic)"": ""Production"""
/subscriptions/565af59d-9511-40cd-811d-ce91ce902eb5/resourcegroups/vicenna-prod/providers/microsoft.web/sites/vic-sec__fe8a,"""RMI(Vic)"": ""Production"""
/subscriptions/cac601c4-4a4f-4aa3-939e-2923e23b1cd6/resourceGroups/$system/providers/Microsoft.ServiceBus/namespaces/$system,"""AN"": ""Preprod"""
/subscriptions/CAC601C4-4A4F-4AA3-939E-2923E23B1CD6/resourceGroups/AN-BI/providers/Microsoft.Sql/servers/an-bi-prod/databases/an-rpt-prod-db_Copy,"""AN"": ""Production"""
/subscriptions/cac601c4-4a4f-4aa3-939e-2923e23b1cd6/resourceGroups/AN-PREPROD/providers/Microsoft.ServiceBus/namespaces/an-staging-slot,"""AN"": ""Preprod"""
/subscriptions/CAC601C4-4A4F-4AA3-939E-2923E23B1CD6/resourceGroups/AN-PREPROD/providers/Microsoft.Sql/servers/an-stg/databases/an-prestage-db,"""AN"": ""Preprod"""
/subscriptions/cac601c4-4a4f-4aa3-939e-2923e23b1cd6/resourcegroups/an-preprod/providers/microsoft.web/sites/an-staging/slots/slot,"""AN"": ""Preprod"""
/subscriptions/cac601c4-4a4f-4aa3-939e-2923e23b1cd6/resourcegroups/an-preprod/providers/microsoft.web/sites/an-staging-academics-func/slots/slot,"""AN"": ""Preprod"""
/subscriptions/cac601c4-4a4f-4aa3-939e-2923e23b1cd6/resourcegroups/an-preprod/providers/microsoft.web/sites/an-staging-api/slots/slot,"""AN"": ""Preprod"""
/subscriptions/cac601c4-4a4f-4aa3-939e-2923e23b1cd6/resourcegroups/an-preprod/providers/microsoft.web/sites/an-staging-func/slots/slot,"""AN"": ""Preprod"""
/subscriptions/cac601c4-4a4f-4aa3-939e-2923e23b1cd6/resourcegroups/an-preprod/providers/microsoft.web/sites/an-staging-func-scheduled/slots/slot,"""AN"": ""Preprod"""
/subscriptions/cac601c4-4a4f-4aa3-939e-2923e23b1cd6/resourcegroups/an-preprod/providers/microsoft.web/sites/an-staging-signalr-func/slots/slot,"""AN"": ""Preprod"""
/subscriptions/cac601c4-4a4f-4aa3-939e-2923e23b1cd6/resourcegroups/an-prod/providers/microsoft.operationalinsights/workspaces/coc-log-analytics,"""AN"": ""Production"""
/subscriptions/cac601c4-4a4f-4aa3-939e-2923e23b1cd6/resourceGroups/AN-PROD/providers/Microsoft.ServiceBus/namespaces/an-prod-slot,"""AN"": ""Production"""
/subscriptions/CAC601C4-4A4F-4AA3-939E-2923E23B1CD6/resourceGroups/AN-PROD/providers/Microsoft.Sql/servers/an-prod/databases/demo-master-db,"""DEMO"": ""Shared All"""
/subscriptions/CAC601C4-4A4F-4AA3-939E-2923E23B1CD6/resourceGroups/AN-PROD/providers/Microsoft.Sql/servers/an-prod/databases/eta-prod-db-test,"""ETA"": ""Production"""
/subscriptions/cac601c4-4a4f-4aa3-939e-2923e23b1cd6/resourcegroups/an-prod/providers/microsoft.web/sites/an-prod/slots/slot,"""AN"": ""Production"""
/subscriptions/cac601c4-4a4f-4aa3-939e-2923e23b1cd6/resourcegroups/an-prod/providers/microsoft.web/sites/an-prod2-academics-func/slots/slot,"""AN"": ""Production"""
/subscriptions/cac601c4-4a4f-4aa3-939e-2923e23b1cd6/resourcegroups/an-prod/providers/microsoft.web/sites/an-prod2-func/slots/slot,"""AN"": ""Production"""
/subscriptions/cac601c4-4a4f-4aa3-939e-2923e23b1cd6/resourcegroups/an-prod/providers/microsoft.web/sites/an-prod2-func-scheduled/slots/slot,"""AN"": ""Production"""
/subscriptions/cac601c4-4a4f-4aa3-939e-2923e23b1cd6/resourcegroups/an-prod/providers/microsoft.web/sites/an-prod-api/slots/slot,"""AN"": ""Production"""
/subscriptions/cac601c4-4a4f-4aa3-939e-2923e23b1cd6/resourcegroups/an-prod/providers/microsoft.web/sites/an-prod-signalr-func/slots/slot,"""AN"": ""Production"""
/subscriptions/cac601c4-4a4f-4aa3-939e-2923e23b1cd6/resourceGroups/AN-PRODUCTION/providers/Microsoft.Cdn/profiles/an-prod,"""AN"": ""Production"""
/subscriptions/cac601c4-4a4f-4aa3-939e-2923e23b1cd6/resourceGroups/an-production/providers/Microsoft.Network/trafficManagerProfiles/an-prodapi,"""AN"": ""Production"""
/subscriptions/cac601c4-4a4f-4aa3-939e-2923e23b1cd6/resourceGroups/AN-PRODUCTION/providers/Microsoft.ServiceBus/namespaces/an-production,"""AN"": ""Production"""
/subscriptions/CAC601C4-4A4F-4AA3-939E-2923E23B1CD6/resourceGroups/AN-PRODUCTION/providers/Microsoft.Sql/servers/an-production/databases/an-cdn-db,"""AN"": ""Production"""
/subscriptions/CAC601C4-4A4F-4AA3-939E-2923E23B1CD6/resourceGroups/AN-PRODUCTION/providers/Microsoft.Sql/servers/an-production/databases/TenantsMap-Prod-DB_Copy,"""AN"": ""Production"""
/subscriptions/cac601c4-4a4f-4aa3-939e-2923e23b1cd6/resourcegroups/an-production/providers/microsoft.web/serverfarms/an-prod,"""AN"": ""Production"""
/subscriptions/3c3b8913-a968-4f0c-8d13-d386611bda0b/resourceGroups/TMX-NOKIA-UAT/providers/Microsoft.Storage/storageAccounts/storageaccounttmxnobe5b,"""Nokia"": ""Preprod"""
/subscriptions/3C3B8913-A968-4F0C-8D13-D386611BDA0B/resourceGroups/TMX-PLATFORM/providers/Microsoft.Sql/servers/tmxplatform/databases/cll-prod-db,"""Chughtai"": ""Production"""
/subscriptions/3C3B8913-A968-4F0C-8D13-D386611BDA0B/resourceGroups/TMX-PROD/providers/Microsoft.Sql/servers/tlx-sd-prod/databases/sd-prod-db,"""SD"": ""Production"""
/subscriptions/3C3B8913-A968-4F0C-8D13-D386611BDA0B/resourceGroups/TMX-UNILEVER/providers/Microsoft.Sql/servers/tmx-sd-unilever/databases/tmx-sd-unilever-qa-db,"""UNILEVER"":""Preprod"""
/subscriptions/3C3B8913-A968-4F0C-8D13-D386611BDA0B/resourceGroups/TMX-UNILEVER/providers/Microsoft.Sql/servers/tmx-sd-unilever/databases/tmx-sd-unilever-uat-db,"""UNILEVER"":""Preprod"""
/subscriptions/3c3b8913-a968-4f0c-8d13-d386611bda0b/resourceGroups/TMX-UNILEVER/providers/Microsoft.Storage/storageAccounts/storageaccounttmxun9a8c,"""UNILEVER"":""Preprod"""
/subscriptions/3c3b8913-a968-4f0c-8d13-d386611bda0b/resourceGroups/TMX-UNILEVER/providers/Microsoft.Storage/storageAccounts/tmxsdunileveruat,"""UNILEVER"":""Preprod"""
/subscriptions/565AF59D-9511-40CD-811D-CE91CE902EB5/resourceGroups/HMIS-TLX/providers/Microsoft.Sql/servers/hmis/databases/vic-rmi-loadtest-db,"""RMI(Vic)"": ""Preprod"""
/subscriptions/565AF59D-9511-40CD-811D-CE91CE902EB5/resourceGroups/HMIS-TLX/providers/Microsoft.Sql/servers/hmis/databases/vic-rmi-uat-release-db,"""RMI(Vic)"": ""Preprod"""
/subscriptions/565af59d-9511-40cd-811d-ce91ce902eb5/resourcegroups/hmis-tlx/providers/microsoft.web/serverfarms/patientprod,"""RMI(Vic)"": ""Preprod"""
/subscriptions/565af59d-9511-40cd-811d-ce91ce902eb5/resourcegroups/hmis-tlx/providers/microsoft.web/serverfarms/vicenna-prod02,"""RMI(Vic)"": ""Production"""
/subscriptions/565af59d-9511-40cd-811d-ce91ce902eb5/resourcegroups/hmis-tlx/providers/microsoft.web/sites/rmi-prod-portal,"""RMI(Vic)"": ""Production"""
/subscriptions/cac601c4-4a4f-4aa3-939e-2923e23b1cd6/resourceGroups/AN-DEMO/providers/Microsoft.ServiceBus/namespaces/an-demo,"""DEMO"": ""Shared All"""
/subscriptions/CAC601C4-4A4F-4AA3-939E-2923E23B1CD6/resourceGroups/AN-DEMO/providers/Microsoft.Sql/servers/an-demo/databases/demo2-db,"""DEMO"": ""Shared All"""
/subscriptions/CAC601C4-4A4F-4AA3-939E-2923E23B1CD6/resourceGroups/AN-DEMO/providers/Microsoft.Sql/servers/an-demo/databases/demo-6a88a9cc-db,"""DEMO"": ""Shared All"""
/subscriptions/CAC601C4-4A4F-4AA3-939E-2923E23B1CD6/resourceGroups/AN-DEMO/providers/Microsoft.Sql/servers/an-demo/databases/demo-db,"""DEMO"": ""Shared All"""
/subscriptions/CAC601C4-4A4F-4AA3-939E-2923E23B1CD6/resourceGroups/AN-DEMO/providers/Microsoft.Sql/servers/an-demo/databases/TenantsMap-Demo-DB,"""DEMO"": ""Shared All"""
/subscriptions/CAC601C4-4A4F-4AA3-939E-2923E23B1CD6/resourceGroups/AN-DEMO/providers/Microsoft.Sql/servers/an-demo/elasticPools/AN-DEMO,"""DEMO"": ""Shared All"""
/subscriptions/cac601c4-4a4f-4aa3-939e-2923e23b1cd6/resourceGroups/AN-PREPROD/providers/Microsoft.Cdn/profiles/an-staging,"""AN"": ""Preprod"""
/subscriptions/CAC601C4-4A4F-4AA3-939E-2923E23B1CD6/resourceGroups/AN-PREPROD/providers/Microsoft.Sql/servers/an-stg/databases/ivs-stg-db-2,"""IVS"": ""Preprod"""
/subscriptions/CAC601C4-4A4F-4AA3-939E-2923E23B1CD6/resourceGroups/AN-PREPROD/providers/Microsoft.Sql/servers/an-stg/databases/lacas-stg-db2019-11-23-19-20,"""LACAS"": ""Preprod"""
/subscriptions/CAC601C4-4A4F-4AA3-939E-2923E23B1CD6/resourceGroups/AN-PREPROD/providers/Microsoft.Sql/servers/an-stg/databases/lacas-stg-db2019-11-30-19-17,"""LACAS"": ""Preprod"""
/subscriptions/CAC601C4-4A4F-4AA3-939E-2923E23B1CD6/resourceGroups/AN-PREPROD/providers/Microsoft.Sql/servers/an-stg/databases/stage-test-db,"""AN"": ""Preprod"""
/subscriptions/cac601c4-4a4f-4aa3-939e-2923e23b1cd6/resourcegroups/an-preprod/providers/microsoft.web/serverfarms/asp-an-staging-api-860b,"""AN"": ""Preprod"""
/subscriptions/cac601c4-4a4f-4aa3-939e-2923e23b1cd6/resourcegroups/an-preprod/providers/microsoft.web/serverfarms/asp-slot-8628,"""AN"": ""Preprod"""
/subscriptions/cac601c4-4a4f-4aa3-939e-2923e23b1cd6/resourcegroups/an-preprod/providers/microsoft.web/sites/newbridge-stg-oaa,"""NEWBRIDGE"": ""Preprod"""
/subscriptions/cac601c4-4a4f-4aa3-939e-2923e23b1cd6/resourceGroups/AN-PROD/providers/Microsoft.Sql/servers/an-prod/databases/ivs-stg-db,"""IVS"": ""Preprod"""
/subscriptions/cac601c4-4a4f-4aa3-939e-2923e23b1cd6/resourcegroups/an-prod/providers/microsoft.web/sites/newbridge-oaa,"""NEWBRIDGE"": ""Production"""
